"Var1","Freq","percentReads","cumlativePercentage","n1","n2"
"TTAAAAGATCTGGAAGGTGCTGAGGTACGATGAGACCCGCACCAGGTGCA",6672137,56.14,56.14,"2997",NA
"ATTAATACGCAGATCTGGAAGGTGCTGAGGTACGATGAGACCCGCACCAG",1305206,10.98,67.12,NA,NA
"TTAAAAGAGCTGGAAGGTGCTGAGGTACGATGAGACCCGCACCAGGTGCA",36877,0.31,67.43,"2997",NA
"TTAAAAGATCTGGAAGGTGCTGAGGTACGATGAGACCCAGTCCCTTAAGC",32231,0.27,67.7,NA,NA
"TTAAAAGATCTGGAAGGTGCTGAGGTACGATGAGACCCGCACCAGTCCCT",31541,0.27,67.97,NA,NA
"TTAAAAGATCTGGAAGGTGCTGAGGTACGATGAGACCCGCACCAGGTGCG",28122,0.24,68.21,"2997",NA
"CTAAAAGATCTGGAAGGTGCTGAGGTACGATGAGACCCGCACCAGGTGCA",27473,0.23,68.44,"2997",NA
"TTAAAAGATCTGGAAGGTGCTGAGGCACGATGAGACCCGCACCAGGTGCA",26538,0.22,68.66,"2997",NA
"TTAAAAGATCTGGAGGGTGCTGAGGTACGATGAGACCCGCACCAGGTGCA",26425,0.22,68.88,"2997",NA
"TTAAAAGATCTGGAAGGTGCTGAGGTACGATGAGACCCGCACCAGGTGTA",26348,0.22,69.1,"2997",NA
"TTAAAAGATCTGGAAGGTGCTGAGGTACGATGAGACCCGCACCAGGCGCA",25893,0.22,69.32,"2997",NA
"TTAAAGGATCTGGAAGGTGCTGAGGTACGATGAGACCCGCACCAGGTGCA",25378,0.21,69.53,"2997",NA
"TTAAAAGATCTGGAAGGTGCTGAGGTACGATGAGGCCCGCACCAGGTGCA",24603,0.21,69.74,"2997",NA
"TTAAAAGATCTGGAAGGTGCTGAGGTACGATGAGACCAGTCCCTTAAGCG",23819,0.2,69.94,NA,NA
"TTAAAAGATCTGGAAGGTGCCGAGGTACGATGAGACCCGCACCAGGTGCA",23700,0.2,70.14,"2997",NA
"TTAAAAGATCTGGAAGGTGCTGAGGTACGATGGGACCCGCACCAGGTGCA",22740,0.19,70.33,"2997",NA
"TTAAAAGCTCTGGAAGGTGCTGAGGTACGATGAGACCCGCACCAGGTGCA",22651,0.19,70.52,"2997",NA
"TTAAAAGATCTGGAAGGTGCTGAGGTACGATGAGACCCGCACCAGGTAGT",22234,0.19,70.71,NA,NA
"TTAAAAGATCTGGAAGGCGCTGAGGTACGATGAGACCCGCACCAGGTGCA",22124,0.19,70.9,"2997",NA
"TTAAAAGATCTGGAAGGTGCTGAGGTACGATGAGACCCGCAGTCCCTTAA",21821,0.18,71.08,NA,NA
"TTAAAAGATCTGGAAGGTGCTGAGGTACGATGAGACCCGCACCGGGTGCA",21630,0.18,71.26,"2997",NA
"TTAAAAGATCCGGAAGGTGCTGAGGTACGATGAGACCCGCACCAGGTGCA",21112,0.18,71.44,"2997",NA
"TTAAAAGATCTGGAAGGTGCTGAGGTACGATGAGACCCGCGCCAGGTGCA",20804,0.18,71.62,"2997",NA
"TTACAAGATCTGGAAGGTGCTGAGGTACGATGAGACCCGCACCAGGTGCA",20361,0.17,71.79,"2997",NA
"TTAAAAGGTCTGGAAGGTGCTGAGGTACGATGAGACCCGCACCAGGTGCA",20337,0.17,71.96,"2997",NA
"TTAAAAGATCTGGAAGGTGCTGAGGTACGACGAGACCCGCACCAGGTGCA",20153,0.17,72.13,"2997",NA
"TTAAAAGATCTGGAAGGTGCTGAGGTACGATGAGACCCGCACCAGGTGAG",19495,0.16,72.29,"2997",NA
"TTAAAAGATCTGGAAGGTGCTGAGGTGCGATGAGACCCGCACCAGGTGCA",18282,0.15,72.44,"2997",NA
"TTAAAAGATCTGGAAGGTGCTGAGGTACGATGAGAGTCCCTTAAGCGGAG",18216,0.15,72.59,NA,NA
"TTAAAAGATCTGGAAGGTGCTGGGGTACGATGAGACCCGCACCAGGTGCA",17542,0.15,72.74,"2997",NA
"TTAAAAGATCTGGAAGGTGCTGAGGTACGATGAGACAGTCCCTTAAGCGG",17337,0.15,72.89,NA,NA
"TTAAAAGATCTGGAAGGTGCTGAGGTACGATGAGACCCGAGTCCCTTAAG",16814,0.14,73.03,NA,NA
"TTAAAAGACCTGGAAGGTGCTGAGGTACGATGAGACCCGCACCAGGTGCA",16457,0.14,73.17,"2997",NA
"TTAAAAGATCTGGAAGGTGCTGAGGTACGGTGAGACCCGCACCAGGTGCA",16137,0.14,73.31,"2997",NA
"TTAGAAGATCTGGAAGGTGCTGAGGTACGATGAGACCCGCACCAGGTGCA",15674,0.13,73.44,"2997",NA
"TTAAAAGATCTGGAAGGTGCTGAGGTACGATGAGACCCGCACCAAGTCCC",15558,0.13,73.57,NA,NA
"TTAAAAGATCTGGAAGGTGCTGAGGTACGATGAGACCCGCACCAGGAGTC",14669,0.12,73.69,NA,NA
"AGGCTCCGGTTGATTTGACTGCCGACAATTACCATAGCGTCAGTCCTGGT",14610,0.12,73.81,NA,NA
"TTAAAAGATCTGGAAGGTGCTGAGGTACGATGAGACCCACACCAGGTGCA",14587,0.12,73.93,"2997",NA
"TTAAAAGATCTGGAAGGTGCTGAGGTACGATGAGACTCGCACCAGGTGCA",14204,0.12,74.05,"2997",NA
"TTAACAGATCTGGAAGGTGCTGAGGTACGATGAGACCCGCACCAGGTGCA",13511,0.11,74.16,"2997",NA
"TTAAAAGATCTGGAAGGTGTTGAGGTACGATGAGACCCGCACCAGGTGCA",12890,0.11,74.27,"2997",NA
"TTAAAAGATCTGGGAGGTGCTGAGGTACGATGAGACCCGCACCAGGTGCA",12311,0.1,74.37,"2997",NA
"TTAAAAGATCTGGAAGGTACTGAGGTACGATGAGACCCGCACCAGGTGCA",11687,0.1,74.47,"2997",NA
"TTAAAAGATCTGGAAGGTGCTGAGGTACGATGAGACCCGTACCAGGTGCA",11611,0.1,74.57,"2997",NA
"TTAAAAGATCTGGAAGGTGCTGAGGTATGATGAGACCCGCACCAGGTGCA",11530,0.1,74.67,"2997",NA
"TTAAAAGATCTGGAAGGTGCTGAGGTACGATGAGACCCGCACCAGAGTCC",11391,0.1,74.77,NA,NA
"TTAAAAGATCTGGAAGGTGCTGAGGTACGATGAGACCCGCACCAGGTACA",11172,0.09,74.86,"2997",NA
"TTAAAAGATCTGGAAGGTGCTGAGGTACGATGAGACCTGCACCAGGTGCA",10666,0.09,74.95,"2997",NA
"TTAAAAGATCTGGAAGGTGCTGAGGTACGATGAGATCCGCACCAGGTGCA",10293,0.09,75.04,"2997",NA
"TTAAAAGATCTGGAAGGTGCTGAGGTACAATGAGACCCGCACCAGGTGCA",10289,0.09,75.13,"2997",NA
"TTAAAAGATCTGGAAGGTGCTGAGGTACGAGTCCCTTAAGCGGAGTTACA",10067,0.08,75.21,NA,NA
"TCAAAAGATCTGGAAGGTGCTGAGGTACGATGAGACCCGCACCAGGTGCA",9960,0.08,75.29,"2997",NA
"TTGTTGGCCGGGGCTGAGACTCGTTACATAGAACAATTACCATAGCGTCA",9338,0.08,75.37,NA,NA
"ATTAATACGCAGATCTGGAAGGTGCTGAGGTACGATGAGACCCGGGTCCC",9275,0.08,75.45,NA,NA
"TTAAAAGATCTGGAAGGTGCTGAGGTACGATGAGACCCGCACCAGATGCA",8587,0.07,75.52,"2997",NA
"TTAAAAGATCTGGAAGGTGCTGAGGTACGATGAGACCCGCAAGTCCCTTA",8561,0.07,75.59,NA,NA
"TTAAAAGATCTGGAAGGTGCTGAGGTACGATGAGACCCGCATCAGGTGCA",8504,0.07,75.66,"2997",NA
"TTTAAAGATCTGGAAGGTGCTGAGGTACGATGAGACCCGCACCAGGTGCA",8096,0.07,75.73,"2997",NA
"TTCAAAGATCTGGAAGGTGCTGAGGTACGATGAGACCCGCACCAGGTGCA",7748,0.07,75.8,"2997",NA
"TTGAAAGATCTGGAAGGTGCTGAGGTACGATGAGACCCGCACCAGGTGCA",7705,0.06,75.86,"2997",NA
"TTAAAAGATCTGGAAGGTGCTGAAGTACGATGAGACCCGCACCAGGTGCA",7639,0.06,75.92,"2997",NA
"ATTAATACGCAGATCTGGAAGGTGCTGAGGTACGATGAGAAGTCCCTTAA",7471,0.06,75.98,NA,NA
"TTAAAAGATCTGGAAGGTGCTGAGGTACGATGAGACCCGCACAGTCCCTT",7430,0.06,76.04,NA,NA
"TTAAGAGATCTGGAAGGTGCTGAGGTACGATGAGACCCGCACCAGGTGCA",7412,0.06,76.1,"2997",NA
"TTAAAGATCTGGAAGGTGCTGAGGTACGATGAGACCCGCACCAGGTGCAG",7287,0.06,76.16,"2998",NA
"ATTAATACGCAGATCTGGAAGGTGCTGAGGTACGATGAGACCCGCAGTCC",7174,0.06,76.22,NA,NA
"TTATAAGATCTGGAAGGTGCTGAGGTACGATGAGACCCGCACCAGGTGCA",7074,0.06,76.28,"2997",NA
"ATTAATACGCAGATCTGGAAGGTGCTGAGGTACGACGAGACCCGCACCAG",6883,0.06,76.34,NA,NA
"TTAAAAGATCTGGAAGGTGCTGAGGTACGATGAGAAGTCCCTTAAGCGGA",6807,0.06,76.4,NA,NA
"TTAAAAGATCTGGAAGGTGCTGAGGTACGATGAGACCCGCACTAGGTGCA",6762,0.06,76.46,"2997",NA
"TTAAAAGATCTGGAATGTGCTGAGGTACGATGAGACCCGCACCAGGTGCA",6611,0.06,76.52,"2997",NA
"ATTAATACGCAGATCTGGAAGGTGCTGAGGTACGATGAGAGTCCCTTAAG",6453,0.05,76.57,NA,NA
"ATTAATACGCAGATCTGGAAGGTGCTGAGGTACGATGAGACCCGAGTCCC",6401,0.05,76.62,NA,NA
"ATTAATACGCAGATCTGGAAGGCGCTGAGGTACGATGAGACCCGCACCAG",6265,0.05,76.67,NA,NA
"TTAAAAGATTTGGAAGGTGCTGAGGTACGATGAGACCCGCACCAGGTGCA",6098,0.05,76.72,"2997",NA
"ATTAATACGCAGATCTGGAAGGTGCTGAGGTACGATGAGACAGTCCCTTA",6001,0.05,76.77,NA,NA
"ATTAATACGCAGATCTGGAAGGTGCTGAGGCACGATGAGACCCGCACCAG",5965,0.05,76.82,NA,NA
"TTAAAAGATCTGGAAGGTGCTGTGGTACGATGAGACCCGCACCAGGTGCA",5924,0.05,76.87,"2997",NA
"TTAAAAGATCTGGAAGGTGCTGAGGTACGATGAGACCCGCACCAAGTGCA",5582,0.05,76.92,"2997",NA
"TTAAAAGATCTGGAAGATGCTGAGGTACGATGAGACCCGCACCAGGTGCA",5421,0.05,76.97,"2997",NA
"TTAAAAGATCTGGAAAGTGCTGAGGTACGATGAGACCCGCACCAGGTGCA",5359,0.05,77.02,"2997",NA
"TTAAAAGATCTGAAAGGTGCTGAGGTACGATGAGACCCGCACCAGGTGCA",5265,0.04,77.06,"2997",NA
"ATTAATACGCAGATCTGGAAGGTGCTGAGGTACGATAGTCCCTTAAGCGG",5225,0.04,77.1,NA,NA
"TTAAAAGATCTGGAAGGTGCTGAGGTACGATGAGACCCGCACCTGGTGCA",5028,0.04,77.14,"2997",NA
"ATTAATACGCAGATCTGGAGGGTGCTGAGGTACGATGAGACCCGCACCAG",4972,0.04,77.18,NA,NA
"ATTAATACTCAGATCTGGAAGGTGCTGAGGTACGATGAGACCCGCACCAG",4970,0.04,77.22,NA,NA
"ATTAATACGCAGATCCGGAAGGTGCTGAGGTACGATGAGACCCGCACCAG",4866,0.04,77.26,NA,NA
"TTAAACGATCTGGAAGGTGCTGAGGTACGATGAGACCCGCACCAGGTGCA",4796,0.04,77.3,"2997",NA
"TTAAAAGATCTGGAAGGTGCTGAGATACGATGAGACCCGCACCAGGTGCA",4778,0.04,77.34,"2997",NA
"ATTAATACGCAGATCTGGAAGGTGCTGAGGTACGATGAGGCCCGCACCAG",4775,0.04,77.38,NA,NA
"TTAAAAGATCTGGAAGGTGCTAAGGTACGATGAGACCCGCACCAGGTGCA",4681,0.04,77.42,"2997",NA
"TTAAAAGATCTAGAAGGTGCTGAGGTACGATGAGACCCGCACCAGGTGCA",4647,0.04,77.46,"2997",NA
"ATTAATACGCAGATCTGGAAGGTGCTGAGGTACGATGAGACCAGTCCCTT",4608,0.04,77.5,NA,NA
"ATTAATACGCAGATCTGGAAGGTGCCGAGGTACGATGAGACCCGCACCAG",4595,0.04,77.54,NA,NA
"TTAAAAGATCTGGTAGGTGCTGAGGTACGATGAGACCCGCACCAGGTGCA",4551,0.04,77.58,"2997",NA
"ATTAATACGCAGATCTGGAAGGTGCTGAGGTAAGATGAGACCCGCACCAG",4512,0.04,77.62,NA,NA
"TTAAAAGATCTGGAAGGTGCTGAGGTACGATGCGACCCGCACCAGGTGCA",4469,0.04,77.66,"2997",NA
"TTAAAAGATCTGGACGGTGCTGAGGTACGATGAGACCCGCACCAGGTGCA",4431,0.04,77.7,"2997",NA
"TTAAAAGATCTGGAAGGTGCTGAGGTACGATAAGACCCGCACCAGGTGCA",4373,0.04,77.74,"2997",NA
"ATTAATACGCAGATCTGGAAGGTGCTGAGGTACGATGAGACCCGCGCCAG",4167,0.04,77.78,NA,NA
"ATTAATACGCAGATCTGGAAGGTGCTGAGGTACGATGAGACCCGCACCAA",4109,0.03,77.81,NA,NA
"ATTAATACGCAGATCTGGAAGGTGCTGAGGTACGATGGGACCCGCACCAG",4018,0.03,77.84,NA,NA
"ATTAATACGCAGATCTGGAAGGTGCTGAGGTACGATGAGACCCGCACCGG",4008,0.03,77.87,NA,NA
"ATTAATACGCGGATCTGGAAGGTGCTGAGGTACGATGAGACCCGCACCAG",3862,0.03,77.9,NA,NA
"TTAAATGATCTGGAAGGTGCTGAGGTACGATGAGACCCGCACCAGGTGCA",3849,0.03,77.93,"2997",NA
"TTAAAAGATCTGGAAGGTGCTGAGGTACGATGAGACCCGCACCCGGTGCA",3797,0.03,77.96,"2997",NA
"TTAAAAGATCTGGAAGGTGCTGCGGTACGATGAGACCCGCACCAGGTGCA",3768,0.03,77.99,"2997",NA
"ATTAATACGCAGATCTGGAAGGTGCTGAGGTACGAGTCCCTTAAGCGGAG",3757,0.03,78.02,NA,NA
"ATTAATGCGCAGATCTGGAAGGTGCTGAGGTACGATGAGACCCGCACCAG",3750,0.03,78.05,NA,NA
"ATTAATACGCAGATCTGGAAGGTGCTGAGGTACGATGAAGTCCCTTAAGC",3749,0.03,78.08,NA,NA
"TTAAAAGATCAGGAAGGTGCTGAGGTACGATGAGACCCGCACCAGGTGCA",3744,0.03,78.11,"2997",NA
"ATTAATACGCAGATCTGGAAGGTGCTGAGGTACAGTCCCTTAAGCGGAGG",3598,0.03,78.14,NA,NA
"ATTAATACGCAGATCTGGAAGGTGCTGAGGTACGATGAGACCCGCAAGTC",3592,0.03,78.17,NA,NA
"TTAAAAGAGTCCCTTAAGCGGAGATTATTCGCACCCCGTCTGTACCGTTT",3499,0.03,78.2,NA,NA
"TTAAAAGATCTGGAAGGTGCAGAGGTACGATGAGACCCGCACCAGGTGCA",3487,0.03,78.23,"2997",NA
"TTAAAAGATCTGGAAGGTGCTGAGGTACGATGAGACCCGCCCCAGGTGCA",3465,0.03,78.26,"2997",NA
"ATTAATACGCAGATCTGGAATGTGCTGAGGTACGATGAGACCCGCACCAG",3400,0.03,78.29,NA,NA
"TTAAAAGATCTGGAAGGTGCTGAGGTACGATGAAGTCCCTTAAGCGGAGG",3376,0.03,78.32,NA,NA
"TTAAAAGATCTGGAAGGTGCTGAGGTACGATGAGTCCCTTAAGCGGAGGC",3346,0.03,78.35,NA,NA
"TTAAAAGATCTGGAAGGTGCTGAGGTACGCTGAGACCCGCACCAGGTGCA",3248,0.03,78.38,"2997",NA
"TTAAAAGATCTGGAAGGTGCTGAGGTACGATGAGACCCGCACCAGGTGCC",3212,0.03,78.41,"2997",NA
"ATTAATACGCAGATCTGGAAGGTGCTGAGGTGCGATGAGACCCGCACCAG",3205,0.03,78.44,NA,NA
"ATTAATACGCAGATCTGGAAGGTGCTGGGGTACGATGAGACCCGCACCAG",3194,0.03,78.47,NA,NA
"TTAAAAGATCTGGAAGGTGCTGAGGTACGATGAGACCCAGTCCCTTACGC",3167,0.03,78.5,NA,NA
"TTAAAAGATCTGGAAGGTGCTGAGGGACGATGAGACCCGCACCAGGTGCA",3165,0.03,78.53,"2997",NA
"ATTAATACGCAGATCTGGAAGGTGCTGAGGTACGATGAGACCCGCATCAG",3163,0.03,78.56,NA,NA
"TTAAGAATGTCAGAGACACATGTTAGGGCTCCCATTGGTTGGGGGGGCGT",3095,0.03,78.59,NA,NA
"TTAAAAGATCAGTCCCTTAGCGGAGAATCGATCGCTACCGTCTGTACCGT",3094,0.03,78.62,NA,NA
"ATTAATACGCAGAGTCCCTTAAGCGGAGAAACTATCACCAGGCTGAGACT",3092,0.03,78.65,NA,NA
"TTAAAAGATCTGGAAGGTGCTGAGGTACGATGTGACCCGCACCAGGTGCA",3067,0.03,78.68,"2997",NA
"TTAAAAGATCTGGATGGTGCTGAGGTACGATGAGACCCGCACCAGGTGCA",3065,0.03,78.71,"2997",NA
"TTAAGTCCCTTAAGCGGAGAGATCACTCCCACCGTCTGTACCGTTTATCC",3063,0.03,78.74,NA,NA
"TTAAAAGATCTGGAAGGTGCTGAGGTACGATGAGTCCCGCACCAGGTGCA",3058,0.03,78.77,"2997",NA
"TTAAAAGATCAGTCCCTTAAGCGGAGTATCTACGGGCTCCGTCTGTACCG",3052,0.03,78.8,NA,NA
"TTAAAAGAGTCCCTTAAGCGGAGTCTACCACATGGCCGTCTGTACCGTTT",3021,0.03,78.83,NA,NA
"ATTAATACGCAGATCTGGACGGTGCTGAGGTACGATGAGACCCGCACCAG",3006,0.03,78.86,NA,NA
"ATTAATACGCAGATCTGGAAGGTGCTGAGGTACGATGAGACCCGCACCAT",3000,0.03,78.89,NA,NA
"TTAAAAGGGTCCCTTAAGCGGAGCGCTGAGCTGCGGGCTGAGACTCGTTA",2994,0.03,78.92,NA,NA
"ATTAATACGCAGATCTGGAAGGTGCTGAGGTACGAAGTCCCTTAAGCGGA",2906,0.02,78.94,NA,NA
"ATTAATACGCAGACCTGGAAGGTGCTGAGGTACGATGAGACCCGCACCAG",2879,0.02,78.96,NA,NA
"ATTAATACGCAGATCTGGAAGGTGCTGAGGTACGATGAGACCCACACCAG",2835,0.02,78.98,NA,NA
"TTAAAAGATCTGGAAGTCCCTTAAGCGGAGTAGCTCGCGCGCCCGTCTGT",2826,0.02,79,NA,NA
"TTAAAGTCCCTTAAGCGGAGGGTCCACTGCTGCCGTCTGTACCGTTTATC",2826,0.02,79.02,NA,NA
"TTAAAAGATCTGGAAGTCCCTTAAGCGGAGATCTCCACACTACCGTCTGT",2810,0.02,79.04,NA,NA
"TTAAAAGATCTGGAAGGTGCTGAGGTACGATGAGTCCCTTAAGCGGAGAT",2767,0.02,79.06,NA,NA
"ATTAATACGCAGATCTGGAAGGTGCTGAGGTACGGTGAGACCCGCACCAG",2758,0.02,79.08,NA,NA
"TTAAAAGATCTGGAAGGTGCTGAGGTACGATGAGACCCGCACCAGTTGCA",2750,0.02,79.1,"2997",NA
"TTAAAAGATCTGGAAGGTGCTGAGGTACGAGTCCCTTAAGCGGAGATTGA",2741,0.02,79.12,NA,NA
"TTAAAAGATCTGGAAGGGGTCCCTTAAGCGGAGAGATCCGGATGCGGCTG",2739,0.02,79.14,NA,NA
"TTAAAAGATCTGGAAGGTGCTGAGGTACGATGAGCGTCCCTTAAGCGGAG",2738,0.02,79.16,NA,NA
"TTAAAAGATCAGTCCCTTAAGCGGAGACCATACTCTGTCCGTCTGTACCG",2733,0.02,79.18,NA,NA
"TTAAAAAGTCCCTTAAGCGGAGCAAGTACGCCCGCCGTCTGTACCGTTTA",2716,0.02,79.2,NA,NA
"TTAAAAGATCTAGTCCCTTAAGCGGAGCATACAGTCCTTCCGTCTGTACC",2709,0.02,79.22,NA,NA
"ATTAATACACAGATCTGGAAGGTGCTGAGGTACGATGAGACCCGCACCAG",2652,0.02,79.24,NA,NA
"ATTAATACGCAGATCTGGAAGGTGTTGAGGTACGATGAGACCCGCACCAG",2640,0.02,79.26,NA,NA
"GTTAATACGCAGATCTGGAAGGTGCTGAGGTACGATGAGACCCGCACCAG",2634,0.02,79.28,NA,NA
"TTAAAAGAGTCCCTTAAGCGGAGCTTTATCTCGCCGGCTGAGACTCGTTA",2627,0.02,79.3,NA,NA
"TTAAAAGATCTGGAAGGTGCTGAGGTACGATGAGGTCCCTTAAGCGGAGA",2611,0.02,79.32,NA,NA
"TTAAAAGTCCCTTAAGCGGAGTGTTAGTAGTTGCCGTCTGTACCGTTTAT",2611,0.02,79.34,NA,NA
"TTAAAAGATCTGGAAGGTGCTGAGGTACGATGAGACCCGCACCAGGTGCT",2575,0.02,79.36,"2997",NA
"TTAAAAGTCCCTTAAGCGGAGAAGGCCCGATGTCCGTCTGTACCGTTTAT",2568,0.02,79.38,NA,NA
"TTAAAAGATCTGGAAGGTGCTGAGGTACGTTGAGACCCGCACCAGGTGCA",2550,0.02,79.4,"2997",NA
"TTAAAAAATCTGGAAGGTGCTGAGGTACGATGAGACCCGCACCAGGTGCA",2541,0.02,79.42,"2997",NA
"TTAAAAGAAGTCCCTTAAGCGGAGTTTCCCTCTATGCCGTCTGTACCGTT",2517,0.02,79.44,NA,NA
"TTAAAAGATAGTCCCTTAAGCGGAGGCCATATCAATATCCGGTTGATTTG",2512,0.02,79.46,NA,NA
"TTAAGTCCCTTAAGCGGAGATCTACAAGGCACCGTCTGTACCGTTTATCC",2478,0.02,79.48,NA,NA
"ATTAATACGCAGATCTGGAAGGTGCTGAGGTACGATGAGACTCGCACCAG",2468,0.02,79.5,NA,NA
"TCCCTTAAGCGGAGCGTAAAAACCGGCCGTCTGTACCGTTTATCCGACAA",2465,0.02,79.52,NA,NA
"ATTAACACGCAGATCTGGAAGGTGCTGAGGTACGATGAGACCCGCACCAG",2444,0.02,79.54,NA,NA
"TTAAAAGATCTAGTCCCTTAAGCGGAGTTACCTCTCTAGGGCTGAGACTC",2410,0.02,79.56,NA,NA
"ATCAATACGCAGATCTGGAAGGTGCTGAGGTACGATGAGACCCGCACCAG",2395,0.02,79.58,NA,NA
"ATTAATACGCAGATCTGGGAGGTGCTGAGGTACGATGAGACCCGCACCAG",2394,0.02,79.6,NA,NA
"ATTAGTACGCAGATCTGGAAGGTGCTGAGGTACGATGAGACCCGCACCAG",2388,0.02,79.62,NA,NA
"TTAGTCCCTTAAGCGGAGAGTTAATGACGAGGCAGGTTACGTATTGTGAT",2386,0.02,79.64,NA,NA
"ATTAATACGCTGATCTGGAAGGTGCTGAGGTACGATGAGACCCGCACCAG",2385,0.02,79.66,NA,NA
"ATTAATACGCAGATCTGGAAGGTACTGAGGTACGATGAGACCCGCACCAG",2374,0.02,79.68,NA,NA
"ATTAATACGCAGATCTGGAAGGTGCTGAGGTAGTCCCTTAAGCGGAGGAC",2372,0.02,79.7,NA,NA
"TTAAAAGATCTGGAAGGTGCTGAGGTACGATGAGTCCCTTAAGCGGAGTG",2371,0.02,79.72,NA,NA
"TTAAGTCCCTTAAGCGGAGTGTGACAAACCGCCGTCTGTACCGTTTATCC",2346,0.02,79.74,NA,NA
"TTAAAAGATCTGGAAGGTGAGTCCCTTAAGCGGAGATAACGATGGGATCC",2332,0.02,79.76,NA,NA
"TTAAAAGATCTGGAAGGTGCTGAGGTAGTCCCTTAAGCGGAGGACTGTCA",2312,0.02,79.78,NA,NA
"TTAAAAGATCTGGAAGGTAGTCCCTTAAGCGGAGCTATTAGCCTGTGCCC",2306,0.02,79.8,NA,NA
"TTAAAAGATCTGGAAGGTGCTGAGGTACGATGAAACCCGCACCAGGTGCA",2297,0.02,79.82,"2997",NA
"TTAAGTCCCTTAAGCGGAGGGCGTGCTACTCCCGTCTGTACCGTTTATCC",2297,0.02,79.84,NA,NA
"TTAAAAGATCAGTCCCTTAAGCGGAGATGTTATAGTAATCCGGTTGATTT",2286,0.02,79.86,NA,NA
"TTAAGTCCCTTAAGCGGAGGCAGGACTTCCCCCGTCTGTACCGTTTATCC",2285,0.02,79.88,NA,NA
"TTAAAAGATCTGGAAGGTGCTGAGGTACGATGAGACCAGCACCAGGTGCA",2277,0.02,79.9,"2997",NA
"TTAAAAGATCAGTCCCTTAAGCGGAGCACCATGTGCCCCCGTCTGTACCG",2274,0.02,79.92,NA,NA
"GTCCCTTAAGCGGAGGCTCCAAGGTTGCCGTCTGTACCGTTTATCCGACA",2273,0.02,79.94,NA,NA
"TTAAAAGATCTGAGTCCCTTAAGCGGAGTGCGAGCCATCATCCGGTTGAT",2268,0.02,79.96,NA,NA
"TTAAAAGATCTGGAATCCCTTAAGCGGAGATCCAACGCTTACCGTCTGTA",2253,0.02,79.98,NA,NA
"ATTAATAGTCCCTTAAGCGGAGCCCTGCATGCTAGGCTGAGACTCGTTAC",2249,0.02,80,NA,NA
"ATTAATACGCAGATCTGGAAGGTGCTGAGGTATGATGAGACCCGCACCAG",2243,0.02,80.02,NA,NA
"TTAAAAGATCTGGAAGGTGCTGAGGTACGATGAGTCCCTTAAGCGGAGGG",2231,0.02,80.04,NA,NA
"ATTAATACGCAGATCTGGAAGGTGCTGAGGTACGATGAGACCCGTCCCTT",2223,0.02,80.06,NA,NA
"TTAAAAGATCTGGAAGGTGCTGAGGTACGATGAGTCCCTTAAGCGGAGGT",2213,0.02,80.08,NA,NA
"TTAAAAGATCAGTCCCTTAAGCGGAGTCAGCAGTCGGTGGCAGGTTACGT",2203,0.02,80.1,NA,NA
"AGGCTCCGGTTGATTTGACTGCCGTATTCGCGACTGCCTAAAAGTCCCTT",2199,0.02,80.12,NA,NA
"TTAAAAGATCTGGAAGGTAGTCCCTTAAGCGGAGTGTGGCCAGAAGCCGT",2177,0.02,80.14,NA,NA
"TTAAAAGATCTGGAAGGTGCTGAGTCCCTTAAGCGGAGCCACCCCCTCGA",2176,0.02,80.16,NA,NA
"TTAAAAGATAGTCCCTTAAGCGGAGAGGCGGACTACAGCTGCTTAGTCGC",2168,0.02,80.18,NA,NA
"TTAAAAGATCTGGAAGGTGCTGAGGTACGATAGTCCCTTAAGCGGAGACC",2168,0.02,80.2,NA,NA
"TTAAAAGATCTGGAAGGTGCTGAGAGTCCCTTAAGCGGAGGTAACCGCTC",2160,0.02,80.22,NA,NA
"TTAAAAGAAGACAGATGTGTCACCCAGCCTACGTGCCATCCACGGTGGGG",2156,0.02,80.24,NA,NA
"TTAAAAGATCTGGAAGGTGCTGAGGTACGATAGTCCCTTAAGCGGAGGGT",2155,0.02,80.26,NA,NA
"AGTCCTTAAGCGGAGGGGCTACATGTCTCCGGTTGATTTGACTGCCGACA",2153,0.02,80.28,NA,NA
"TTAAAAGATCTGGAAGGTGCTGAGGTAGTCCCTTAAGCGGAGAAGGCCCT",2152,0.02,80.3,NA,NA
"TTAAAAGATCTGGAAGGTGCTGAGGTACGATGAGACCCGCACCAGGTGGT",2149,0.02,80.32,"2997",NA
"TTAACTGAAATCTCACAGGATTATTTCAATGTTAAAATGAGACAATGGAT",2144,0.02,80.34,NA,NA
"ATTAATACGCAGATCTGGAAGGTGCTGAGGTACGATGAGACCCGTACCAG",2135,0.02,80.36,NA,NA
"GTCCCTTAAGCGGAGGGTACAGTCCGGCCGTCTGTACCGTTTATCCGACA",2134,0.02,80.38,NA,NA
"GGTCCCTTAAGCGGAGATCCACGCATTGGCCCATGTTTCGTAAGATGTGA",2133,0.02,80.4,NA,NA
"TTAAAAGATCTGGAAGGTGCTGAGGTACGATAGTCCCTTAAGCGGAGTTG",2133,0.02,80.42,NA,NA
"TTAAAAGATCTGGAAGGTGATGAGGTACGATGAGACCCGCACCAGGTGCA",2132,0.02,80.44,"2997",NA
"TTAAAAGATCTGGAAGGTGCGGAGGTACGATGAGACCCGCACCAGGTGCA",2131,0.02,80.46,"2997",NA
"TTAAAAGAAGTCCCTTAAGCGGAGTGTAGTGAAAGGCCGTCTGTACCGTT",2125,0.02,80.48,NA,NA
"TTAAAAGATCTGGAAGGGGCTGAGGTACGATGAGACCCGCACCAGGTGCA",2111,0.02,80.5,"2997",NA
"TTAAAAGATCTGGAAGGTGCTGAGGTACGATGAGACACGCACCAGGTGCA",2107,0.02,80.52,"2997",NA
"AGCTACCCTAAAATCATCCGCCATTCACGTTTCGACAATTACCATAGCGT",2102,0.02,80.54,NA,NA
"TTAAAGGAAAGCATTTAGCCACCCCTGTAAGAGCAGCCTACGGGGAGAAG",2094,0.02,80.56,NA,NA
"ATTAATACGCAGGTCTGGAAGGTGCTGAGGTACGATGAGACCCGCACCAG",2091,0.02,80.58,NA,NA
"TTAAAAGAAGTCCCTTAAGCGGAGTCAATCACGAAGTCCGGTTGATTTGA",2071,0.02,80.6,NA,NA
"TTAAAGTCCCTTAAGCGGAGACATCCTAGACCCCGTCTGTACCGTTTATC",2067,0.02,80.62,NA,NA
"TTAAAAGATCTGGAAGGTGCTGAGGTACGATGAGTCCCTTAAGCGGAGTA",2049,0.02,80.64,NA,NA
"ATTGATACGCAGATCTGGAAGGTGCTGAGGTACGATGAGACCCGCACCAG",2048,0.02,80.66,NA,NA
"ATAGTCCCTTAAGCGGAGACGGATCTCCTTCATCCGCCATTCACGTTTCG",2047,0.02,80.68,NA,NA
"TTAAAAGATCAGTCCCTTAAGCGGAGTTGCTACTCGCGGCCCATGTTTCG",2041,0.02,80.7,NA,NA
"ACTAATACGCAGATCTGGAAGGTGCTGAGGTACGATGAGACCCGCACCAG",2035,0.02,80.72,NA,NA
"TTAAGTCCCTTAAGCGGAGATATTCTATAGCGCCCATGTTTCGTAAGATG",2033,0.02,80.74,NA,NA
"TTAAAAGATCTGGAAGGTGCTGAGGTACGATAGTCCCTTAAGCGGAGCTG",2032,0.02,80.76,NA,NA
"ATTAATACGCAGATCTGGAAGGTGCTGAGGTACGATGAGACCTGCACCAG",2012,0.02,80.78,NA,NA
"TTAAAAGATCTGGAAGTCCCTTAAGCGGAGGGTTGCCTCGCATCCGGTTG",2005,0.02,80.8,NA,NA
"TTAAAAGATCAGTCCCTTAAGCGGAGACTAGGGAGTTCTCCGGTTGATTT",1998,0.02,80.82,NA,NA
"TTAAAAGATCTGGAAGGTGCTGAGGTACGATGAAGTCCCTTAAGCGGAGC",1995,0.02,80.84,NA,NA
"TTAAAAGATCTGGAGTCCCTTAAGCGGAGCATTACGCCACGGCCCATGTT",1991,0.02,80.86,NA,NA
"AGTCCCTTAAGCGGAGGAGGACATTCCGGCCCATGTTTCGTAAGATGTGA",1989,0.02,80.88,NA,NA
"TTAAAAGATCTGGCAGGTGCTGAGGTACGATGAGACCCGCACCAGGTGCA",1988,0.02,80.9,"2997",NA
"TTAAAAGTCCCTTAAGCGGAGATTTAGTTCGCTGCCCATGTTTCGTAAGA",1987,0.02,80.92,NA,NA
"GTCCCTTAAGCGGAGGACAGCTGGCAAGGCAGGTTACGTATTGTGATCAC",1980,0.02,80.94,NA,NA
"ATTAATACGCAGATCAGTCCCTTAAGCGGAGTAAAATATGGACCATCCGC",1973,0.02,80.96,NA,NA
"TTAAAAGATCTGGAAGGTGCTGAGTCCCTTAAGCGGAGTATCGCTAGGTC",1973,0.02,80.98,NA,NA
"TAAAAGATCTGGAAGGTGCTGAGGTACGATGAGACCCGCACCAGGTGCAG",1971,0.02,81,"2998",NA
"TCCCTTAAGCGGAGGCGGCCGGCTGGCCGTCTGTACCGTTTATCCGACAA",1969,0.02,81.02,NA,NA
"TTAAAAGATAGTCCCTTAAGCGGAGCCAACCAACCACGGCAGGTTACGTA",1965,0.02,81.04,NA,NA
"TCCCTTAAGCGGAGTCCAGCAAGACTCATCCGCCATTCACGTTTCGACAA",1956,0.02,81.06,NA,NA
"TTAAAAGATCTGGAAGGTGCTGAGGTACGATGAGACCCATCCCTTAAGCG",1952,0.02,81.08,NA,NA
"TTAAAAGATCTGGAAGGAGTCCCTTAAGCGGAGGCCTAATTGCTGTCCGG",1940,0.02,81.1,NA,NA
"TTAAAAGATCTGGAAGTCCCTTAAGCGGAGTCGCCTCCTGTGGCCCATGT",1939,0.02,81.12,NA,NA
"TTAAAAGATCTGGAAGGTGCTGAAGTCCCTTAAGCGGAGTCGATTTCGTA",1931,0.02,81.14,NA,NA
"ATTAATACGCAGATCTGGAAGGTGCTGCGGTACGATGAGACCCGCACCAG",1926,0.02,81.16,NA,NA
"TTAAAAGATCTGGAAGGTGCTGAGGTTCGATGAGACCCGCACCAGGTGCA",1924,0.02,81.18,"2997",NA
"TTAAAAGATCTGGAAGGTGCTGAGGTACGAAGTCCCTTAAGCGGAGATCA",1921,0.02,81.2,NA,NA
"TTAAAAGATCTGGAAGTCCCTTAAGCGGAGTAGTTTCTAGGGGGCAGGTT",1917,0.02,81.22,NA,NA
"TTAAAAAGTCCCTTAAGCGGAGTATGTGCCAGTGGGCAGGTTACGTATTG",1903,0.02,81.24,NA,NA
"TTAAAAAGTCCCTTAAGCGGAGTCGGCGTCGATGTCCGGTTGATTTGACT",1900,0.02,81.26,NA,NA
"TTAAAAGATCTGGAAGGTGCTGAGGTACGATGAGACCCGCACCAGGTGAA",1900,0.02,81.28,"2997",NA
"TTAAAAGATCTGGAAGGTGCTGAGGTACGATGAGACCCGAACCAGGTGCA",1892,0.02,81.3,"2997",NA
"TTAAAAGATCTAGTCCCTTAAGCGGAGACTATACTCCCCTCCGGTTGATT",1883,0.02,81.32,NA,NA
"TTAAAAGATCTGGGTCCCTTAAGCGGAGCAGAGACCGCCGCCGTCTGTAC",1872,0.02,81.34,NA,NA
"TAGTCCCTTAAGCGGAGATTGCTCGTTGAGCCCATGTTTCGTAAGATGTG",1867,0.02,81.36,NA,NA
"TTAAAAGATCTGGAAGCCCTTAAGCGGAGTTTCTCATCAGTTCCGGTTGA",1865,0.02,81.38,NA,NA
"TTAAAAGATCTGGAAGTCCCTTAAGCGGAGTCCTGAGCAGTATCCGGTTG",1861,0.02,81.4,NA,NA
"TTAAAAGATCTGGAAGGTGCTGAGGTACGATGAGACCCGCAGTCTCTTAA",1860,0.02,81.42,NA,NA
"TTAAAAGTTCTGGAAGGTGCTGAGGTACGATGAGACCCGCACCAGGTGCA",1853,0.02,81.44,"2997",NA
"TCCCTTAAGCGGAGTTTAGGCCTTATCCGGTTGATTTGACTGCCGACAAT",1848,0.02,81.46,NA,NA
"TTAAAAGATCTGGAAGGTGCTGAGGTACGATGAGACCCGCTCCAGGTGCA",1836,0.02,81.48,"2997",NA
"ATTAATACAGTCCCTTAAGCGGAGTAAGCATGTCCTCATCCGCCATTCAC",1827,0.02,81.5,NA,NA
"TTAAAAGATCTGGAAGGTAGTCCCTTAAGCGGAGGATTGGCCTGAACCGT",1825,0.02,81.52,NA,NA
"TTAAAAGAGTCCCTTAAGCGGAGCTCGCGTCTGTGGCCCATGTTTCGTAA",1820,0.02,81.54,NA,NA
"TTAAAAGATCTGGAAGGTGCTAGTCCCTTAAGCGGAGGTAGTAGTCATAT",1815,0.02,81.56,NA,NA
"TTAAAAGATCTGGAAGGTGCTGAGGTCCGATGAGACCCGCACCAGGTGCA",1813,0.02,81.58,"2997",NA
"TTAAAAGATCTGGAAGGTGCTGAGGTACGATAGTCCCTTAAGCGGAGAAC",1812,0.02,81.6,NA,NA
"AAGTCCCTTAAGCGGAGTACTGCCGTATTCATCCGCCATTCACGTTTCGA",1808,0.02,81.62,NA,NA
"ATTAATACGCAGATAGTCCCTTAAGCGGAGATCTGCCCCCTTCATCCGCC",1807,0.02,81.64,NA,NA
"TTAAAAGATCTGGAAGGTGCTGAGGTACGATGAGACCCGCACCATGTGCA",1807,0.02,81.66,"2997",NA
"TTAAAAGATCTGGAAGGTGCTGAGGTACGAAGTCCCTTAAGCGGAGTACC",1796,0.02,81.68,NA,NA
"ATTAGTCCCTTAAGCGGAGCCTATCCTTGGGCATCCGCCATTCACGTTTC",1783,0.02,81.7,NA,NA
"TTAAAAGATCTGGAAGGTGCTGAGGTAGTCCCTTAAGCGGAGCCTCGAAG",1775,0.01,81.71,NA,NA
"TTAAAAGATCTGTAAGGTGCTGAGGTACGATGAGACCCGCACCAGGTGCA",1773,0.01,81.72,"2997",NA
"ATTAATACGCAGAGTCCCTTAAGCGGAGACTTGTTCCCTGCATCCGCCAT",1754,0.01,81.73,NA,NA
"TAGTCCCTTAAGCGGAGGATGGTTAACAGGCCCATGTTTCGTAAGATGTG",1745,0.01,81.74,NA,NA
"GTCCCTTAAGCGGAGCCCTACCCCCAACATCCGCCATTCACGTTTCGACA",1744,0.01,81.75,NA,NA
"TTAAAAGAGTCCCTTAAGCGGAGACGAAGTTTGCGGCCCATGTTTCGTAA",1742,0.01,81.76,NA,NA
"TTAAAAGATCCCTTAAGCGGAGGACGTTGGCCTATCCGGTTGATTTGACT",1734,0.01,81.77,NA,NA
"TTAAAGTCCCTTAAGCGGAGGCGATCGACCGGCCGTCTGTACCGTTTATC",1727,0.01,81.78,NA,NA
"ATTAATACGCAGATCTGGAAGGTGCTGAGGTACGATGAGTCCCTTAAGCG",1725,0.01,81.79,NA,NA
"TTAAAAGATCTGAGTCCCTTAAGCGGAGCTCACTAAGGGGGCCCATGTTT",1723,0.01,81.8,NA,NA
"ATTAATACGCAGATCTGGAGTCCCTTAAGCGGAGCACTTCCCGATCCATC",1713,0.01,81.81,NA,NA
"TTAAAAGATCTGGAAGTCCCTTAAGCGGAGTGAAGCGCCCCAGCCCATGT",1709,0.01,81.82,NA,NA
"TTAAAAGAGTCCCTTAAGCGGAGAGCGTATACGACGCTGCTTAGTCGCAC",1704,0.01,81.83,NA,NA
"AGTCCCTTAAGCGGAGAACCCCCCCACCTCCGGTTGATTTGACTGCCGAC",1702,0.01,81.84,NA,NA
"TTAAAAGATCTGGAAGTCCCTTAAGCGGAGCACGTGGACACCGCCCATGT",1697,0.01,81.85,NA,NA
"TTAGTCCCTTAAGCGGAGCACCGACCCGGAGCCCATGTTTCGTAAGATGT",1693,0.01,81.86,NA,NA
"ATTAATACGCAGATCTGGAAGGTGCTGAGGTACAATGAGACCCGCACCAG",1687,0.01,81.87,NA,NA
"TTAAAAGATCTGGAAGTCCCTTAAGCGGAGTTAGGCCGCTGCTCCGGTTG",1679,0.01,81.88,NA,NA
"ATTAATACGTAGATCTGGAAGGTGCTGAGGTACGATGAGACCCGCACCAG",1677,0.01,81.89,NA,NA
"TTAAAAAGTCCCTTAAGCGGAGCCTTGCTCGCATGCTGCTTAGTCGCACT",1673,0.01,81.9,NA,NA
"TTAAAAGATCTGGAAGGTGCTGAGTCCCTTAAGCGGAGTGTACCTGGGCC",1670,0.01,81.91,NA,NA
"TTAAAAGATCTGGAAGGTGCAGTCCCTTAAGCGGAGAACTACTCATCATC",1667,0.01,81.92,NA,NA
"ATTAATACGCAGATCTGGAAGGTGCTGAGGTACGATGAGACCCAGTCCCT",1666,0.01,81.93,NA,NA
"ATTAATACAGTCCCTTAAGCGGAGATACCTAATCGGCATCCGCCATTCAC",1660,0.01,81.94,NA,NA
"ATTAATACGCAAGTCCCTTAAGCGGAGATGTCCCACACCCATCCGCCATT",1659,0.01,81.95,NA,NA
"TTAAAAGATCTGGAAGGAGTCCCTTAAGCGGAGTTGGATTTGTCTGCCCA",1653,0.01,81.96,NA,NA
"TTAAAAGAGTCCCTTAAGCGGAGGGCAGTCCCTTAAGCGGAGTCTGGATT",1639,0.01,81.97,NA,NA
"CTTAATACGCAGATCTGGAAGGTGCTGAGGTACGATGAGACCCGCACCAG",1636,0.01,81.98,NA,NA
"ATTAATACGCAGATCTGGAAGGTGAGTCCCTTAAGCGGAGATTAATGCGA",1635,0.01,81.99,NA,NA
"ATTAATACAGTCCCTTAAGCGGAGTTTCTTTCCGTACATCCGCCATTCAC",1632,0.01,82,NA,NA
"TTAAAAGAGTCCCTTAAGCGGAGAGCCGTCCTAGGTCCGGTTGATTTGAC",1632,0.01,82.01,NA,NA
"ATTAATACGAGTCCCTTAAGCGGAGCCACCTACCTTGCATCCGCCATTCA",1620,0.01,82.02,NA,NA
"GTCCCTTAAGCGGAGCGATTTCTACGGGCCCATGTTTCGTAAGATGTGAC",1617,0.01,82.03,NA,NA
"TTAAAAGTCCCTTAAGCGGAGACATATGACCTGGCCCATGTTTCGTAAGA",1615,0.01,82.04,NA,NA
"TTAAAAGATCTGGAAGGTGCTGAGGTAGTCCCTTAAGCGGAGGAAAGTTT",1614,0.01,82.05,NA,NA
"ATCCCTTAAGCGGAGCGGCTTCAAAGGTCCGGTTGATTTGACTGCCGACA",1612,0.01,82.06,NA,NA
"TTAAAAGATCTGGAAGGTAGTCCCTTAAGCGGAGTGACAATACATAGGCA",1609,0.01,82.07,NA,NA
"ATTAATACGAGTCCCTTAAGCGGAGGGTACACAAATCCATCCGCCATTCA",1603,0.01,82.08,NA,NA
"ATTAATACGCAGATCTGGAAGGTGCTAGTCCCTTAAGCGGAGCCTTCTAG",1603,0.01,82.09,NA,NA
"TTAGTCCCTTAAGCGGAGGATCATGGCCGTGCTGCTTAGTCGCACTTACC",1603,0.01,82.1,NA,NA
"TTAAAAGATCTGGAAGGTGCTGAGGTAAGTCCCTTAAGCGGAGGCGGTTA",1596,0.01,82.11,NA,NA
"TTAAAAGATCTGGAAGGTGCTGAGGTACGATGGTCCCTTAAGCGGAGGCA",1596,0.01,82.12,NA,NA
"TAGTCCCTTAAGCGGAGTGAGTACCTTACGGCAGGTTACGTATTGTGATC",1593,0.01,82.13,NA,NA
"TTAAAAGATCTGGAAGGTGCTGAGGTACGAAGTCCCTTAAGCGGAGCCGA",1587,0.01,82.14,NA,NA
"TAGTCCCTTAAGCGGAGCTTTAACCATCCGTGCCCTAATAGACGTATCGA",1581,0.01,82.15,NA,NA
"TTAAAAAATGCTTAAGATGGTAAATTGTATGTTATGTGTTTTTACCACCT",1575,0.01,82.16,NA,NA
"ATTAATACGCAGATCTGGAAGGTGCTGAGGTACAGTCCCTTAAGCGGAGC",1573,0.01,82.17,NA,NA
"TTAAAAGAGTCCCTTAAGCGGAGGAAGGTCGACTGGCCCATGTTTCGTAA",1571,0.01,82.18,NA,NA
"TTAAAAGATCTGGAAGGTGCTGAGGTACGATGAGAACCGCACCAGGTGCA",1570,0.01,82.19,"2997",NA
"ATTAATACGCAGATCTGGAAGGTAGTCCCTTAAGCGGAGCAACTTTCTCG",1564,0.01,82.2,NA,NA
"TTAGTCCCTTAAGCGGAGATAAGGCGCTCATCCGGTTGATTTGACTGCCG",1558,0.01,82.21,NA,NA
"TTAAAAGATCTGGAAGGTGCTGAGGTACGATGAGACCCGCACCAGGGGCA",1557,0.01,82.22,"2997",NA
"TTAAAAGTCCCTTAAGCGGAGCGGACCTACTCGGCTGCTTAGTCGCACTT",1548,0.01,82.23,NA,NA
"ATTAATACGCAGATCTGGAAGCCAAGTGCACATGTAACATTCTTTACAGT",1546,0.01,82.24,NA,NA
"TTAAAAGATCTGGAAGGTGCTGAGGTAGTCCCTTAAGCGGAGGTAAGTAC",1544,0.01,82.25,NA,NA
"AAGTCCCTTAAGCGGAGCCAGGCCTTCCACATCCGCCATTCACGTTTCGA",1536,0.01,82.26,NA,NA
"ATTAATACGCAGATCTGGAAGGTGCTAGTCCCTTAAGCGGAGCGGCACGA",1530,0.01,82.27,NA,NA
"TTAAAAGAAGTCCCTTAAGCGGAGATACGGCAAGCTGCCCATGTTTCGTA",1529,0.01,82.28,NA,NA
"TTAAAAGATCTGGAAGGTGCTGAGGTACGATGAGCCCCGCACCAGGTGCA",1529,0.01,82.29,"2997",NA
"TTAAAAGATCTGGAAGGTGCTGAGGTACGATGAGACCCTCACCAGGTGCA",1528,0.01,82.3,"2997",NA
"ATTAATACGCAGATCTAGTCCCTTAAGCGGAGTATCCGCCTCTACATCCG",1526,0.01,82.31,NA,NA
"TTAAAAGATCTGGAAGGTGCTGAGGTACGATGAGACCCGCACCAATCCCT",1524,0.01,82.32,NA,NA
"TTAAAAGATCTGGAAGGTGCTGAGGTACGTCCCTTAAGCGGAGCTCCCGG",1522,0.01,82.33,NA,NA
"TTAAAAGATCTGAGTCCCTTAAGCGGAGCGGCAGTCCCTTAAGCGGAGGT",1517,0.01,82.34,NA,NA
"TTAAAAGATCTGGAAGGTGCAGTCCCTTAAGCGGAGCCATGTATGACCCG",1517,0.01,82.35,NA,NA
"TTAAAAGTCCCTTAAGCGGAGGTAACCCCTCCAGCCCATGTTTCGTAAGA",1515,0.01,82.36,NA,NA
"TTAAAAGATCTGGAAGGTGCTGAGGAGTCCCTTAAGCGGAGAAGCACCCC",1510,0.01,82.37,NA,NA
"ATTAATACGCAGATCTGGAAGGTGCTGAGGTACGATGGGTCCCTTAAGCG",1508,0.01,82.38,NA,NA
"ATTAAGTCCCTTAAGCGGAGGTTTGAAAAGCACATCCGCCATTCACGTTT",1504,0.01,82.39,NA,NA
"TAGTCCCTTAAGCGGAGGCAATGCACCACGCTGCTTAGTCGCACTTACCA",1502,0.01,82.4,NA,NA
"TTAAAAGATCTGGAAGGTGCTGAGGTACGAGTCCCTTAAGCGGAGCTCGA",1501,0.01,82.41,NA,NA
"GTCCCTTAAGCGGAGCGCAGCCTGCATGCCCATGTTTCGTAAGATGTGAC",1499,0.01,82.42,NA,NA
"TTAAAAGATCTGGAAGGTGCTGAGGTACGATGAAGTCCCTTAAGCGGAGA",1495,0.01,82.43,NA,NA
"TTAAAAGATCTGGAAGTCCCTTAAGCGGAGGCCTTCCCCATGGCTGCTTA",1494,0.01,82.44,NA,NA
"ATTAATACGCAGAGTCCCTTAAGCGGAGCAATAGCCGCAGGGCTGAGACT",1493,0.01,82.45,NA,NA
"TTAAAAGATCTGGAAGGTAGTCCCTTAAGCGGAGGGTCCAAGGACGTCCG",1489,0.01,82.46,NA,NA
"TTAGTCCCTTAAGCGGAGCAAATACGAACCGCCCATGTTTCGTAAGATGT",1487,0.01,82.47,NA,NA
"ATTAGTCCCTTAAGCGGAGGACCCAACTTGGCATCCGCCATTCACGTTTC",1485,0.01,82.48,NA,NA
"TTAACCCTAGAAAGATAGTCTGCGTAAAATTGACGCATGCATTCTTGAAA",1483,0.01,82.49,"382",NA
"GGTCCCTTAAGCGGAGCGATTACCGTGCGTGCCCTAATAGACGTATCGAA",1482,0.01,82.5,NA,NA
"ATTAATAGTCCCTTAAGCGGAGAGGCCCTTACCCATCCGCCATTCACGTT",1480,0.01,82.51,NA,NA
"ATTAATACGCAGATCTAGTCCCTTAAGCGGAGATATCATTTGGTCATCCG",1479,0.01,82.52,NA,NA
"AGTCCCTTAAGCGGAGCGACGTCCGGGCCATCCGCCATTCACGTTTCGAC",1476,0.01,82.53,NA,NA
"TTAAAAGATCTGGAAGGTGCTGAGGTACTATGAGACCCGCACCAGGTGCA",1476,0.01,82.54,"2997",NA
"ATAGTCCCTTAAGCGGAGATTCGATGCCACCATCCGCCATTCACGTTTCG",1475,0.01,82.55,NA,NA
"TTAAAAAGTCCCTTAAGCGGAGTTCACCCCGGCCGCCCATGTTTCGTAAG",1470,0.01,82.56,NA,NA
"ATTAATACGCAGATCTGGAAGGTGCTGAGGAGTCCCTTAAGCGGAGCATC",1468,0.01,82.57,NA,NA
"TTAAAAGATCTGGAAGGTGCTGAGGTACGATGAGTCCCTTAAGCGGAGCC",1468,0.01,82.58,NA,NA
"ATTAATACGCAGATCTGGAAGTCCCTTAAGCGGAGTATATTCCCTAACAT",1464,0.01,82.59,NA,NA
"TTAAAAGATCTGGAAGGTGAGTCCCTTAAGCGGAGGTATTCCTAACCTCC",1464,0.01,82.6,NA,NA
"TTAAGTCCCTTAAGCGGAGCTCCGGTCTCCCGGCAGGTTACGTATTGTGA",1461,0.01,82.61,NA,NA
"AGTCCCTTAAGCGGAGAGTGCCCGGTGATCCGGTTGATTTGACTGCCGAC",1457,0.01,82.62,NA,NA
"ATTAATACGCAGAGTCCCTTAAGCGGAGAGCTACCTGTGGCATCCGCCAT",1454,0.01,82.63,NA,NA
"GCAGTCCCTTAAGCGGAGATGTCAGCTCAATCCGGTTGATTTGACTGCCG",1453,0.01,82.64,NA,NA
"TTAAAAGATCTGGAAGGTGCTAGTCCCTTAAGCGGAGTACTAGTCACTTG",1448,0.01,82.65,NA,NA
"TTATAGATAAAACTCGAGGTCGACGGTATCGATAAGCTTGATATCGAATT",1433,0.01,82.66,"686",NA
"AGTCCCTTAAGCGGAGCACCCCCTTTGCCATCCGCCATTCACGTTTCGAC",1432,0.01,82.67,NA,NA
"TTAAAAGATCTGGAAGTCCCTTAAGCGGAGAGGGTGATTAAGTCCGGTTG",1431,0.01,82.68,NA,NA
"TTAAAAGATCTGGAAGGTGCTAGTCCCTTAAGCGGAGAAATAGAAGAATG",1426,0.01,82.69,NA,NA
"TTAAAAGATCTGGGGGTGGCTCCGGGCCCATGTTTCGTAAGATGTGACAA",1426,0.01,82.7,NA,NA
"ATTAAGTCCCTTAAGCGGAGCCTCGCCGACCACATCCGCCATTCACGTTT",1423,0.01,82.71,NA,NA
"TTAATAGATCTGGAAGGTGCTGAGGTACGATGAGACCCGCACCAGGTGCA",1421,0.01,82.72,"2997",NA
"ATTAATACGCAGTCCCTTAAGCGGAGGAAATGCGGTAACATCCGCCATTC",1420,0.01,82.73,NA,NA
"TTAATCTAGCTGCGTGTTCTGCAGCGTGTCGAGCATCTTCATCTGCTCCA",1420,0.01,82.74,NA,NA
"ATAAAAGATCTGGAAGGTGCTGAGGTACGATGAGACCCGCACCAGGTGCA",1419,0.01,82.75,"2997",NA
"GTCCCTTAAGCGGAGTTTAATGCTTACGCTGCTTAGTCGCACTTACCACA",1419,0.01,82.76,NA,NA
"TTAAAAGATCTGGAAGGTGCTGAGGTACGAAGTCCCTTAAGCGGAGACCA",1418,0.01,82.77,NA,NA
"TTAAAAGATCTGGAAGGTGCTGAGGTAAGTCCCTTAAGCGGAGAGTAGAC",1412,0.01,82.78,NA,NA
"ATTAATACGCAGATCTGGAAGGAGCTGAGGTACGATGAGACCCGCACCAG",1406,0.01,82.79,NA,NA
"ATTAATACGCAGATCTGGAGTCCCTTAAGCGGAGAGCAGGCCCGTCCATC",1405,0.01,82.8,NA,NA
"TAGTCCCTTAAGCGGAGTATCCTTCGCCTTCCGGTTGATTTGACTGCCGA",1404,0.01,82.81,NA,NA
"ATTAATACGCAGAGTCCCTTAAGCGGAGACCCGGCCAAGTCATCCGCCAT",1400,0.01,82.82,NA,NA
"TTAAAGTCCCTTAAGCGGAGTACTCCACTTCTCCGTCTGTACCGTTTATC",1399,0.01,82.83,NA,NA
"ATTAATACGCAGAAGTCCCTTAAGCGGAGGACGCGCCGCCCTCCGGTTGA",1398,0.01,82.84,NA,NA
"TTAAAAGATCTGGAAGGTGCTGAGGTACGATGAGACCCGCACCAGGTGGG",1398,0.01,82.85,"2997",NA
"GTCCCTTAAGCGGAGTTCCCAGGCAGTTCCGGTTGATTTGACTGCCGACA",1395,0.01,82.86,NA,NA
"ATTAATACGCAGATCTGGAAGTCCCTTAAGCGGAGTCCGTTGGGGTCCAT",1389,0.01,82.87,NA,NA
"TTAAAAGATCTGGAAGGTTCTGAGGTACGATGAGACCCGCACCAGGTGCA",1383,0.01,82.88,"2997",NA
"TTAAAAGATCTGGAAGGTGCTGAGGAGTCCCTTAAGCGGAGACGGCGAAT",1377,0.01,82.89,NA,NA
"TTAAAAAGTCCCTTAAGCGGAGCGATGCGTCGACTCCGGTTGATTTGACT",1369,0.01,82.9,NA,NA
"ATTAATACGCAGATCTGTAAGGTGCTGAGGTACGATGAGACCCGCACCAG",1367,0.01,82.91,NA,NA
"TTAAAAGATCTGGAAGGTGCTGAGGAGTCCCTTAAGCGGAGGTGCCATTT",1367,0.01,82.92,NA,NA
"TCCCTTAAGCGGAGGCACGCACCGCTCATCCGCCATTCACGTTTCGACAA",1360,0.01,82.93,NA,NA
"ATTAATACGCAGAGTCCCTTAAGCGGAGTAAGGTCCGTGTCATCCGCCAT",1358,0.01,82.94,NA,NA
"TTAAAAGATCTGGAAGGTGCTGAGGTACGATAGTCCCTTAAGCGGAGAAA",1350,0.01,82.95,NA,NA
"TTAAAAGATCTGGAAGGTGCTGAGGTACGAGTCCCTTAAGCGGAGACGTA",1347,0.01,82.96,NA,NA
"ATTAATACGCAGATCTGGAAGGTGAGTCCCTTAAGCGGAGCGTGCCGGCG",1343,0.01,82.97,NA,NA
"TTAAAAGATCTGGAAGGTGCTGAGGTACGAGTCCCTTAAGCGGAGAAAGC",1335,0.01,82.98,NA,NA
"ATTCATACGCAGATCTGGAAGGTGCTGAGGTACGATGAGACCCGCACCAG",1334,0.01,82.99,NA,NA
"TTAAAAGATCTAGTCCCTTAAGCGGAGCACACTGTCCACGCTGCTTAGTC",1333,0.01,83,NA,NA
"ATTAATACGCAGATCTGGAGTCCCTTAAGCGGAGGTTAGACCCCACCATC",1331,0.01,83.01,NA,NA
"TTAAAAGATCTGGAAGGTGCTGAGGTACGATGAGACCCAGTCCCTTCAGC",1330,0.01,83.02,NA,NA
"TTAAAAGATCGGGAAGGTGCTGAGGTACGATGAGACCCGCACCAGGTGCA",1328,0.01,83.03,"2997",NA
"TTAAAAGATCTTGAAGGTGCTGAGGTACGATGAGACCCGCACCAGGTGCA",1328,0.01,83.04,"2997",NA
"ATTAATATGCAGATCTGGAAGGTGCTGAGGTACGATGAGACCCGCACCAG",1327,0.01,83.05,NA,NA
"TTAAAAGATCTGGAAGGTGCTGAGGTACGATGAGTCCCTTAAGCGGAGTC",1327,0.01,83.06,NA,NA
"TTAAAAGATCTGGAAGGTGCAGTCCCTTAAGCGGAGTTCCACGCAGGGTC",1326,0.01,83.07,NA,NA
"ATAGTCCCTTAAGCGGAGCGGAACAGCCCTCATCCGCCATTCACGTTTCG",1321,0.01,83.08,NA,NA
"TCCCTTAAGCGGAGAGGAATGTTCTGCATCCGCCATTCACGTTTCGACAA",1318,0.01,83.09,NA,NA
"TTAAAAGATCTGGAAGGTGCTGAGGTACGATGAGACTAGTCCCTTAAGCG",1315,0.01,83.1,NA,NA
"ATTAATACGCAGATCTGGAAGGTGAGTCCCTTAAGCGGAGAGCTGTGGCG",1312,0.01,83.11,NA,NA
"AGTCCCTTAAGCGGAGTGGGTGTGTTCCCATCCGCCATTCACGTTTCGAC",1310,0.01,83.12,NA,NA
"ATTAATAGTCCCTTAAGCGGAGCAGGCCTCTTACCATCCGCCATTCACGT",1310,0.01,83.13,NA,NA
"TTAAAAGATCTGGAAGGTGCTGAGGTAGTCCCTTAAGCGGAGCGACCTGC",1310,0.01,83.14,NA,NA
"ATTAAAGTCCCTTAAGCGGAGAGACAACCCTCGCATCCGCCATTCACGTT",1302,0.01,83.15,NA,NA
"TTAAAAGATCTGGAAGGTGCTGAGGTACGATGAGACCCGCACCAGGTCCC",1293,0.01,83.16,"2997",NA
"ATTAATACGCAGATCTGGAAGGTGCTGAGTCCCTTAAGCGGAGAGAACTC",1290,0.01,83.17,NA,NA
"TTAAAAGATCTGGAAGGTGCTAGTCCCTTAAGCGGAGTGCTTGCCACTCG",1287,0.01,83.18,NA,NA
"TTAAAAGATCTGGAAGGTGCTGAGGTACGATGATACCCGCACCAGGTGCA",1283,0.01,83.19,"2997",NA
"ATTAATACGCAGTCCCTTAAGCGGAGACTTTATCCCCGCATCCGCCATTC",1280,0.01,83.2,NA,NA
"TTAAAAGATCTGGAAGGTGCTGAGGTACGATAGTCCCTTAAGCGGAGGTT",1280,0.01,83.21,NA,NA
"TTAAAAGATCAGTCCCTTAAGCGGAGACCGGTATTTCTCCGGTTGATTTG",1279,0.01,83.22,NA,NA
"TTAAAAGATCTGGAAGGTGCTGAGTCCCTTAAGCGGAGTCCCCCTACGTT",1270,0.01,83.23,NA,NA
"TTAAAAGATCTGGAGTCCCTTAAGCGGAGTAGCAGCGACGCCCGTCTGTA",1266,0.01,83.24,NA,NA
"ATTAATACGCAGATCTGGAAGGTAGTCCCTTAAGCGGAGATCCTTGAAAT",1258,0.01,83.25,NA,NA
"ATTAATACGCAGATCTGGAAGGTGCTGAGGTACGATGAGATCCGCACCAG",1249,0.01,83.26,NA,NA
"TTAAAGTCCCTTAAGCGGAGGACAGTATCCTTGTGCCCTAATAGACGTAT",1249,0.01,83.27,NA,NA
"AGTCCCTTAAGCGGAGCACGGGGCTAGACATCCGCCATTCACGTTTCGAC",1233,0.01,83.28,NA,NA
"TTAAATGATTTGCCCTCCCATATGTCCTTCCGAGTGAGAGACACAAAAAA",1232,0.01,83.29,NA,NA
"ATTAATAGTCCCTTAAGCGGAGGATGCCGTGGAGGGCTGAGACTCGTTAC",1231,0.01,83.3,NA,NA
"ATTAAGTCCCTTAAGCGGAGCTAATCTGCCTGCATCCGCCATTCACGTTT",1230,0.01,83.31,NA,NA
"ATTAATACGCAGATCTGGAAGGTGCTGAGGTACGATGCGACCCGCACCAG",1230,0.01,83.32,NA,NA
"TTAAAAGATCTGGAAGGTGCTAGTCCCTTAAGCGGAGGAGTAGCTGTTTC",1227,0.01,83.33,NA,NA
"TTAAAAGATCAGTCCCTTAAGCGGAGTATCTAGCGCGCGTGCCCTAATAG",1225,0.01,83.34,NA,NA
"TTAAGTCCCTTAAGCGGAGGGCTCTTGGCAAGCTGCTTAGTCGCACTTAC",1223,0.01,83.35,NA,NA
"ATTAATACGCAGTCCCTTAAGCGGAGGCTCGTTTAGAACATCCGCCATTC",1219,0.01,83.36,NA,NA
"TTAAAGTCCCTTAAGCGGAGGAGGCTTTCTCGCCGTCTGTACCGTTTATC",1217,0.01,83.37,NA,NA
"ATTAATACGCAGATCTGGAAGGTGCTGAGGTAAGTCCCTTAAGCGGAGGA",1215,0.01,83.38,NA,NA
"ATTAATACGCAGATCAGTCCCTTAAGCGGAGGTGCGAATGTGCCATCCGC",1207,0.01,83.39,NA,NA
"ATTAAGTCCCTTAAGCGGAGATGAACGACTGTCATCCGCCATTCACGTTT",1191,0.01,83.4,NA,NA
"TTAAAAGTCCCTTAAGCGGAGGTGAATTACGGAGCCCATGTTTCGTAAGA",1178,0.01,83.41,NA,NA
"ATTAATACGCAGAAGTCCCTTAAGCGGAGGATCGACTGGTCGGCTGAGAC",1170,0.01,83.42,NA,NA
"TTAAAAGATAGTCCCTTAAGCGGAGGAACGCTGCTGTGCTGCTTAGTCGC",1170,0.01,83.43,NA,NA
"TTAAATAGGTTTTTAAAAAGATATTTAGCTGTCAAAGATTTTTTTGAACT",1168,0.01,83.44,NA,NA
"TCCCTTAAGCGGAGTAGGTAATGTTAGCTGCTTAGTCGCACTTACCACAA",1167,0.01,83.45,NA,NA
"ATTAATACGCAGATCTGGAAGGTGCTGAGGTAGTCCCTTAAGCGGAGATG",1165,0.01,83.46,NA,NA
"ATTAATACGCAGATCTGGAAGGTGCTGAGGTAGTCCCTTAAGCGGAGCAA",1164,0.01,83.47,NA,NA
"TTAAAAGATCTGGAAGGTGCTGAGGTACGATGGGTCCCTTAAGCGGAGGT",1164,0.01,83.48,NA,NA
"TTAGTCCCTTAAGCGGAGGGTGCTGTAAGACCGTCTGTACCGTTTATCCG",1163,0.01,83.49,NA,NA
"ATTAATACGCAGATCTGGAAGGTGCTGAGTCCCTTAAGCGGAGCCGCCTC",1162,0.01,83.5,NA,NA
"TTAAAAGATCTGGAAGGTGCTGAGGTAGTCCCTTAAGCGGAGGTTTATAG",1162,0.01,83.51,NA,NA
"TAGTCCCTTAAGCGGAGGGCCCATGGAACGGCAGGTTACGTATTGTGATC",1161,0.01,83.52,NA,NA
"TTAAAAGATCTGGAAGGTGCTGAGGTACGATGAGACCCGCACCAGGTTCA",1154,0.01,83.53,"2997",NA
"ATTAGTCCCTTAAGCGGAGTACTAGGGCGACTCCGGTTGATTTGACTGCC",1150,0.01,83.54,NA,NA
"TTAAAAGATCTGGAAGGTGCTGAGGTACGATGAGACCCGCACCAGGTCCA",1150,0.01,83.55,"2997",NA
"ATTAATACGCAGATCTGGAAAGTCCCTTAAGCGGAGCAACGCCCGCCTCA",1146,0.01,83.56,NA,NA
"ATTAATACGCAGATCTGGAAGGTGCTGAGGTACGATGAGACCCGCACTAG",1144,0.01,83.57,NA,NA
"ATTAATACGCAGATCTGGAAGGTAGTCCCTTAAGCGGAGCGGGAGCCCAC",1140,0.01,83.58,NA,NA
"TCCCTTAAGCGGAGTCTGAGCCTCCCCATCCGCCATTCACGTTTCGACAA",1140,0.01,83.59,NA,NA
"ATTAATACGCAGATCTGGAAGTCCCTTAAGCGGAGGTGACGTCTCCTCAT",1121,0.01,83.6,NA,NA
"ATTAATACGCAGATCTGGAAGGTGCTGAGGTACGCTGAGACCCGCACCAG",1118,0.01,83.61,NA,NA
"ATTAATACGCAGATCTGGAAGGTGCTGAGGTACGATGAGACCCGCACCTG",1112,0.01,83.62,NA,NA
"ATTACTACGCAGATCTGGAAGGTGCTGAGGTACGATGAGACCCGCACCAG",1108,0.01,83.63,NA,NA
"TTAAAAGATCTGGAAGGTGCTGAGGTAGTCCCTTAAGCGGAGACTCTGTT",1106,0.01,83.64,NA,NA
"TTAAAAGATCTGGAAGGAGTCCCTTAAGCGGAGAAGGACGGGTCCCCGTC",1102,0.01,83.65,NA,NA
"TTAAAAGATCTGGAAGGTGCTGAGTCCCTTAAGCGGAGCATGGGACTCAG",1095,0.01,83.66,NA,NA
"ATTAATAGTCCCTTAAGCGGAGCTACGCCTGACCGGCTGAGACTCGTTAC",1094,0.01,83.67,NA,NA
"TTAAAAGATCTGGAAGGTGCTGAGGTACGATAGTCCCTTAAGCGGAGGGC",1092,0.01,83.68,NA,NA
"TTAAAAGATCTGGAAGGTGCTGAGGTACGATGAGACCCGAGTCCCTTCAG",1088,0.01,83.69,NA,NA
"ATTAATACGCAGATCTGGAAGGTGCTGAGGTAGTCCCTTAAGCGGAGCGC",1087,0.01,83.7,NA,NA
"TTAAAAGATCTGGAGGTGCTGAGGTACGATGAGACCCGCACCAGGTGCAG",1084,0.01,83.71,NA,NA
"TTAAAAGATCTGGAAGGTGCTGAGGAACGATGAGACCCGCACCAGGTGCA",1083,0.01,83.72,"2997",NA
"TTAAAAGATCTGGAAGTCCCTTAAGCGGAGTCTGTTGCCGCCGCTGCTTA",1081,0.01,83.73,NA,NA
"TTAAAAGATCTGGAAGGTGCTGAGGTACGAGGAGACCCGCACCAGGTGCA",1080,0.01,83.74,"2997",NA
"ATTAATACGCAGATCTGGAAGTCCCTTAAGCGGAGGGCATATGGTTACAT",1075,0.01,83.75,NA,NA
"TTAAGATCTCTATCTTTAAGCTTAGTGAGTCCCTTAAGCGGAGTTAATTA",1071,0.01,83.76,NA,NA
"ATTAATACGCAGATCTGGAAGGTGCTGAGGTACGATGAGCCCCGCACCAG",1069,0.01,83.77,NA,NA
"TCCCTTAAGCGGAGATCAACGCTTTCGCCCATGTTTCGTAAGATGTGACA",1062,0.01,83.78,NA,NA
"TTAAAAGATCTGGAGTCCCTTAAGCGGAGTTATACCAAATTCCGTCTGTA",1059,0.01,83.79,NA,NA
"TTAGTGAACCGTCAGAGGATCCATGGTGAGCAAGGGCGAGGAGCTGTTCA",1057,0.01,83.8,"899",NA
"TTAAAAGAGTCCCTTAAGCGGAGGAGAGGATCTTCGCTGCTTAGTCGCAC",1056,0.01,83.81,NA,NA
"TTAAAAGATCTGGAAAGTCCCTTAAGCGGAGTGTCAATCGTCGGCTGCTT",1052,0.01,83.82,NA,NA
"TTAAAAGATCTGGAAGGTGCTGAGGTAGTCCCTTAAGCGGAGGCGATAGC",1049,0.01,83.83,NA,NA
"TTTAATACGCAGATCTGGAAGGTGCTGAGGTACGATGAGACCCGCACCAG",1048,0.01,83.84,NA,NA
"TTAAAAGATCTGGAAGGAGCTGAGGTACGATGAGACCCGCACCAGGTGCA",1046,0.01,83.85,"2997",NA
"TTAGTCCCTTAAGCGGAGATCTACCGCTTGGCCCATGTTTCGTAAGATGT",1042,0.01,83.86,NA,NA
"ATTAATACGCAGATCTGGAGTCCCTTAAGCGGAGCTTAACCGACACCATC",1037,0.01,83.87,NA,NA
"TTAAAAGATCTGGAAGGTGCTGATGTACGATGAGACCCGCACCAGGTGCA",1037,0.01,83.88,"2997",NA
"TTAAAAGTCCCTTAAGCGGAGTTTCTCCTGTCCGCTGCTTAGTCGCACTT",1028,0.01,83.89,NA,NA
"ATTAATACGCAGATCTGGAAGGTGCTAGTCCCTTAAGCGGAGGCAGAAAC",1027,0.01,83.9,NA,NA
"ATTAATACGCAGAGTCCCTTAAGCGGAGAATGTTCCCCGGCATCCGCCAT",1023,0.01,83.91,NA,NA
"TTAAAAGATCTGGAAGGTGCTGAGGTACGATGAGACCCGCACCAGGAGCA",1021,0.01,83.92,"2997",NA
